[
  {
    "start": "2018-01-25",
    "time": "11:12",
    "title": "Zahnpflege",
    "link": "assets/imgs/icons/zahn.png"
  },
  {
    "start": "2018-01-25",
    "time": "3:45",
    "title": "Aufstehen",
    "link": "assets/imgs/icons/wecker.png"
  },
  {
    "start": "2018-01-25",
    "time": "6:30",
    "title": "Essen",
    "link": "assets/imgs/icons/essen.png"
  },
  {
    "start": "2018-01-25",
    "time": "20:15",
    "title": "Schlafen",
    "link": "assets/imgs/icons/schlafen.png"
  }
]